,Vel_0,Vel_1,Vel_2,Vel_3,Vel_4,Vel_5,Vel_6,Vel_7,Vel_8,Vel_9,Vel_10,Vel_11,Vel_12,Vel_13,Vel_14,Vel_15,Vel_16,Vel_17,Vel_18,Vel_19,Vel_20,Vel_21,Vel_22,Vel_23,Vel_24,Mean_0,Mean_5,Mean_10,Mean_15,Mean_20,Mean_25
0,19.0,46.0,55.0,53.0,55.0,56.0,29.0,22.0,19.0,8.0,0.0,-5.0,-13.0,-26.0,-24.0,-29.0,-40.0,-45.0,-36.0,-35.0,-27.0,-17.0,-14.0,-17.0,-25.0,234.6,280.2,307.0,293.4,256.4,236.4
1,5.0,20.0,22.0,30.0,37.0,36.0,27.0,37.0,32.0,26.0,16.0,0.0,-23.0,-42.0,-51.0,-55.0,-55.0,-53.0,-46.0,-51.0,-52.0,-52.0,-51.0,-50.0,-45.0,138.6,161.4,193.0,173.0,121.0,71.0
2,-7.0,-6.0,-4.0,-2.0,1.0,4.0,12.0,32.0,48.0,63.0,76.0,82.0,78.0,74.0,59.0,46.0,32.0,7.0,-6.0,-2.0,0.0,6.0,16.0,18.0,14.0,82.4,78.8,110.6,184.4,199.8,210.6
3,-12.0,-12.0,-9.0,-14.0,-18.0,-17.0,-17.0,-18.0,-17.0,-7.0,5.0,25.0,40.0,51.0,53.0,53.0,41.0,33.0,30.0,30.0,30.0,32.0,34.0,25.0,20.0,150.6,137.6,122.4,157.2,194.6,222.8
4,5.0,5.0,6.0,12.0,21.0,31.0,34.0,39.0,38.0,36.0,29.0,24.0,16.0,11.0,7.0,6.0,5.0,8.0,9.0,7.0,6.0,6.0,6.0,11.0,18.0,99.0,108.8,144.4,161.8,168.8,178.2
5,-14.0,-25.0,-29.0,-29.0,-35.0,-41.0,-23.0,-10.0,12.0,46.0,51.0,42.0,32.0,19.0,6.0,7.0,5.0,2.0,-8.0,-28.0,-41.0,-46.0,-47.0,-46.0,-41.0,183.4,157.0,153.8,183.8,179.4,135.2
6,5.0,8.0,8.0,8.0,8.0,5.0,14.0,33.0,47.0,64.0,77.0,81.0,76.0,67.0,58.0,49.0,42.0,34.0,33.0,31.0,26.0,22.0,19.0,12.0,4.0,91.0,98.4,131.0,202.8,240.6,257.2
7,24.0,28.0,26.0,15.0,6.0,0.0,-8.0,-12.0,-5.0,5.0,28.0,39.0,50.0,58.0,61.0,49.0,51.0,55.0,49.0,45.0,44.0,43.0,34.0,42.0,41.0,137.6,157.4,153.4,200.6,250.4,291.2
8,-1.0,-6.0,-5.0,-3.0,6.0,30.0,43.0,49.0,49.0,37.0,10.0,-5.0,-13.0,-15.0,-13.0,-13.0,-10.0,-7.0,-5.0,1.0,8.0,11.0,13.0,13.0,10.0,96.6,94.8,136.4,129.2,122.4,133.4
9,-1.0,1.0,1.0,1.0,-1.0,-5.0,-3.0,7.0,25.0,44.0,56.0,64.0,63.0,49.0,38.0,31.0,14.0,7.0,12.0,4.0,1.0,4.0,-4.0,-15.0,-10.0,119.2,119.4,133.0,187.0,200.6,195.8
10,11.0,7.0,2.0,0.0,-18.0,-49.0,-62.0,-72.0,-68.0,-61.0,-51.0,-51.0,-52.0,-65.0,-69.0,-63.0,-58.0,-54.0,-51.0,-50.0,-52.0,-55.0,-51.0,-50.0,-47.0,329.2,329.6,267.2,209.6,154.4,103.4
11,24.0,26.0,23.0,16.0,18.0,34.0,50.0,55.0,64.0,72.0,65.0,59.0,67.0,60.0,48.0,34.0,12.0,-2.0,-3.0,3.0,25.0,41.0,44.0,60.0,53.0,125.6,147.0,202.0,261.8,270.6,315.2
12,41.0,45.0,42.0,46.0,47.0,51.0,42.0,39.0,16.0,-4.0,-23.0,-28.0,-29.0,-18.0,-8.0,-4.0,-3.0,-1.0,-6.0,-9.0,-5.0,0.0,4.0,12.0,14.0,120.6,164.8,193.6,172.4,167.8,172.8
13,0.0,14.0,14.0,12.0,8.0,0.0,-11.0,-1.0,23.0,37.0,49.0,44.0,28.0,10.0,8.0,-1.0,1.0,11.0,14.0,16.0,30.0,26.0,20.0,7.0,-17.0,140.6,150.2,159.8,187.6,195.8,209.0
14,-10.0,-13.0,-18.0,-18.0,-18.0,-6.0,6.0,28.0,51.0,73.0,86.0,81.0,74.0,65.0,46.0,34.0,28.0,8.0,-10.0,-24.0,-39.0,-41.0,-32.0,-23.0,-4.0,119.8,104.4,134.8,205.2,212.4,184.6
15,-9.0,4.0,10.0,7.0,-1.0,-11.0,-23.0,-29.0,-27.0,-19.0,-6.0,13.0,36.0,46.0,48.0,49.0,48.0,41.0,42.0,44.0,44.0,46.0,47.0,42.0,29.0,109.6,111.8,90.0,117.4,162.2,203.8
16,-14.0,-21.0,-18.0,-16.0,-13.0,-8.0,0.0,-2.0,-2.0,-8.0,-13.0,-11.0,-16.0,-20.0,-22.0,-36.0,-46.0,-47.0,-48.0,-42.0,-25.0,-18.0,-11.0,-9.0,-14.0,261.2,244.8,240.8,224.4,180.6,165.2
17,21.0,26.0,21.0,11.0,4.0,-9.0,-13.0,-8.0,13.0,39.0,56.0,61.0,70.0,67.0,55.0,50.0,52.0,52.0,44.0,45.0,39.0,39.0,28.0,29.0,11.0,130.2,146.8,151.2,213.0,261.6,290.8
18,-7.0,-7.0,-8.0,-13.0,-10.0,-7.0,0.0,11.0,33.0,55.0,67.0,77.0,69.0,69.0,62.0,52.0,37.0,37.0,24.0,13.0,19.0,13.0,4.0,-12.0,-32.0,125.8,116.8,135.2,204.0,236.6,235.0
19,-2.0,-7.0,-34.0,-35.0,-40.0,-31.0,-21.0,3.0,4.0,7.0,9.0,19.0,33.0,32.0,35.0,29.0,14.0,7.0,24.0,32.0,43.0,61.0,60.0,36.0,20.0,156.4,132.8,125.2,150.8,172.0,216.0
20,5.5,85.5,103.5,100.0,96.5,90.5,6.0,-30.0,-48.0,-59.0,-54.0,-36.0,-19.0,-5.0,-2.0,-9.0,-14.0,-11.0,-4.0,5.0,15.0,17.0,12.0,4.0,-1.0,228.5,306.7,298.6,275.4,268.8,278.2
21,13.0,26.0,18.0,2.0,-6.0,-13.0,-48.0,-51.5,-58.5,-66.5,-71.5,-26.5,-13.5,-0.5,4.0,0.5,-6.5,-12.0,60.0,83.5,93.0,99.0,96.0,6.0,-30.0,300.6,311.2,263.7,242.1,267.2,320.0
22,-36.0,-22.0,-2.0,12.0,19.0,28.0,34.0,25.0,15.0,8.0,-5.0,-17.0,-8.0,4.0,10.0,10.0,1.0,-13.0,-20.0,-15.0,-4.0,4.0,11.0,11.0,7.0,195.8,190.0,212.0,208.8,201.4,207.2
23,11.0,8.0,-4.0,-6.0,-8.0,-18.0,-13.0,-4.0,2.0,22.0,30.0,37.0,53.0,56.0,40.0,34.0,15.0,-15.0,-42.0,-46.0,-47.0,-28.0,-2.0,29.0,33.0,183.8,184.0,181.8,225.0,214.2,211.2
24,-15.0,4.0,8.0,1.0,-6.0,-4.0,10.0,28.0,40.0,49.0,52.0,45.0,36.0,34.0,29.0,29.0,29.0,32.0,35.0,26.0,18.0,9.0,-3.0,-15.0,-12.0,135.2,133.6,158.2,197.4,227.6,227.0
25,-10.0,-20.0,-17.0,-15.0,-11.0,-2.0,9.0,36.0,60.0,74.0,87.0,96.0,88.0,81.0,65.0,49.0,35.0,30.0,19.0,23.0,20.0,13.0,-4.0,-8.0,1.0,90.4,75.8,111.2,194.6,225.8,230.2
26,2.0,26.0,25.0,20.0,20.0,19.0,-17.0,-41.0,-41.0,-39.0,-42.0,-42.0,-32.0,-29.0,-19.0,-8.0,-3.0,-11.0,-19.0,-37.0,-36.0,-29.0,-24.0,-14.0,-6.0,303.8,322.4,298.6,265.8,250.2,228.4
27,1.0,-45.5,-51.25,-42.25,-30.5,-20.0,32.0,33.0,20.0,5.0,-6.0,-12.0,-15.0,-12.0,-5.0,6.0,-1.0,-6.0,-6.0,-1.0,4.0,13.0,29.0,29.0,18.0,316.5,282.8,296.8,286.8,285.2,303.8
28,0.0,-42.333333333333314,-52.5,-63.5,-58.0,-48.0,0.3333333333333144,12.0,32.0,33.0,20.0,5.0,-6.0,-12.0,-15.0,-12.0,-5.0,6.0,-1.0,-6.0,-6.0,-1.0,4.0,13.0,29.0,329.2,285.93333333333334,291.8,290.2,286.6,294.4
29,-1.0,-39.166666666666686,-53.75,-65.75,-71.0,-74.0,-44.833333333333314,-37.0,-28.0,-25.5,-28.0,-21.5,-19.5,-14.0,-7.0,5.0,11.0,17.0,15.0,10.5,25.0,25.0,28.5,35.0,42.5,341.9,295.76666666666665,253.9,235.9,247.6,278.8
33,-2.0,-36.0,-55.0,-68.0,-84.0,-100.0,-90.0,-86.0,-88.0,-84.0,-76.0,-48.0,-33.0,-16.0,1.0,22.0,27.0,28.0,31.0,27.0,15.0,10.0,12.0,5.0,4.0,354.6,305.6,216.0,181.6,208.6,217.8
34,31.0,46.0,49.0,44.0,24.0,13.0,0.0,-12.0,-21.0,-31.0,-48.0,-44.0,-34.0,-26.0,-15.0,4.0,-2.0,-36.0,-55.0,-68.0,-84.0,-100.0,-90.0,-86.0,-88.0,358.6,397.4,387.2,353.8,322.4,232.8
35,-2.0,-4.0,-5.0,-5.0,-3.0,-8.0,-16.0,-25.0,-29.0,-31.0,-14.0,13.0,26.0,28.0,22.0,9.0,-3.0,13.0,38.0,65.0,82.0,92.0,87.0,76.0,67.0,102.6,98.8,77.0,92.0,116.4,197.2
36,19.0,22.0,20.0,11.0,-10.0,-46.0,-54.0,-52.0,-39.0,-12.0,29.0,45.0,47.0,50.0,49.0,42.0,40.0,49.0,52.0,56.0,57.0,58.0,57.0,49.0,48.0,115.2,127.6,87.0,131.0,178.8,232.6
37,-3.0,7.0,8.0,5.0,2.0,-6.0,-17.0,-21.0,-20.0,-18.0,-12.0,-10.0,-9.0,-11.0,-9.0,-7.0,-5.0,-3.0,-3.0,-9.0,-14.0,-17.0,-18.0,-15.0,-12.0,191.2,195.0,178.6,168.4,163.0,147.8
38,2.0,1.0,2.0,1.0,-4.0,-19.0,-31.0,-29.0,-20.0,-2.0,28.0,50.0,59.0,62.0,58.0,52.0,50.0,50.0,44.0,39.0,35.0,32.0,27.0,26.0,22.0,127.0,127.4,107.2,158.6,205.6,234.0
39,-9.0,-5.0,0.0,2.0,6.0,12.0,26.0,52.0,65.0,63.0,64.0,55.0,43.0,44.0,49.0,43.0,33.0,9.0,-15.0,-35.0,-45.0,-50.0,-49.0,-48.0,-40.0,130.6,129.4,173.0,224.0,231.0,184.6
40,18.0,19.0,17.0,10.0,-2.0,-23.0,-36.0,-33.0,-19.0,4.0,36.0,56.0,60.0,55.0,48.0,38.0,36.0,39.0,45.0,47.0,46.0,48.0,48.0,48.0,49.0,148.6,161.0,139.6,190.6,231.6,279.4
41,0.0,-1.0,-13.0,-15.0,-18.0,-18.0,-11.0,2.0,4.0,-3.0,-23.0,-41.0,-55.0,-67.0,-73.0,-63.0,-59.0,-53.0,-44.0,-33.0,-28.0,-19.0,-9.0,1.0,12.0,191.8,182.4,177.2,125.4,75.0,66.4
42,-8.0,-8.0,-12.0,-22.0,-29.0,-33.0,-38.0,-43.0,-42.0,-43.0,-50.0,-50.0,-49.0,-47.0,-43.0,-38.0,-38.0,-39.0,-38.0,-41.0,-39.0,-32.0,-22.0,-17.0,-10.0,347.8,332.0,292.2,244.4,205.6,181.6
43,59.0,52.0,49.0,49.0,55.0,60.0,61.0,54.0,39.0,27.0,14.0,2.0,-1.0,-4.0,-8.0,-8.0,-12.0,-22.0,-29.0,-33.0,-38.0,-43.0,-42.0,-43.0,-50.0,244.6,297.4,345.6,346.2,325.4,282.2
44,-2.0,12.0,18.0,19.0,19.0,15.0,-1.0,-6.0,0.0,18.0,41.0,51.0,61.0,66.0,51.0,36.0,33.0,22.0,12.0,9.0,-1.0,-8.0,-9.0,-13.0,-21.0,157.8,171.0,176.2,230.2,252.6,242.2
45,3.0,1.0,-1.0,-2.0,-3.0,-3.0,0.0,5.0,14.0,27.0,30.0,27.0,20.0,7.0,-8.0,-9.0,-6.0,-3.0,0.0,2.0,0.0,-1.0,6.0,18.0,27.0,149.2,148.8,157.4,172.6,169.4,179.4
46,4.0,9.0,11.0,12.0,11.0,10.0,8.0,16.0,40.0,63.0,75.0,87.0,88.0,73.0,58.0,54.0,42.0,33.0,25.0,11.0,-3.0,-12.0,-23.0,-37.0,-37.0,123.8,133.2,160.6,236.8,269.8,247.4
47,13.0,15.0,13.0,8.0,-1.0,-11.0,-21.0,-19.0,-8.0,15.0,38.0,54.0,57.0,58.0,50.0,43.0,40.0,35.0,29.0,24.0,17.0,16.0,19.0,18.0,16.0,167.6,177.2,168.4,219.8,254.0,271.2
48,18.0,6.0,-8.0,-25.0,-33.0,-37.0,-30.0,-20.0,-3.0,4.0,9.0,9.0,6.0,3.0,3.0,3.0,4.0,5.0,5.0,3.0,2.0,0.0,-2.0,-5.0,-5.0,205.2,196.8,179.6,185.6,189.6,187.6
49,3.0,4.0,3.0,0.0,-3.0,-1.0,4.0,15.0,30.0,45.0,55.0,63.0,63.0,59.0,51.0,42.0,32.0,25.0,23.0,23.0,26.0,27.0,27.0,15.0,2.0,100.0,101.4,120.0,178.2,207.2,226.6
50,2.0,-6.0,-2.0,-1.0,0.0,-2.0,6.0,10.0,30.0,51.0,66.0,77.0,84.0,76.0,62.0,46.0,39.0,26.0,14.0,8.0,9.0,5.0,10.0,18.0,13.0,94.2,92.8,111.8,184.8,211.4,222.4
0,3.0,9.0,8.0,9.0,5.0,11.0,9.0,8.0,5.0,5.0,2.0,0.0,6.0,9.0,18.0,20.0,26.0,22.0,11.0,2.0,-8.0,-13.0,-20.0,-23.0,-34.0,150.8,157.6,165.2,172.2,188.4,168.8
1,-37.0,-39.0,-28.0,-14.0,-5.0,-4.0,12.0,20.0,27.0,44.0,53.0,62.0,68.0,52.0,33.0,12.0,-10.0,-31.0,-38.0,-43.0,-29.0,-19.0,-6.0,6.0,29.5,69.8,45.2,65.0,118.6,96.6,92.9
2,10.0,34.0,39.0,29.0,25.0,24.0,-2.0,-26.0,-46.0,-59.0,-83.0,-86.0,-77.0,-57.0,-42.0,-23.0,-31.0,-47.0,-62.0,-75.0,-78.0,-62.0,-50.0,-43.0,-42.0,253.2,280.6,258.8,189.8,142.2,87.2
3,26.0,22.0,27.0,16.0,9.0,6.0,16.0,33.0,51.0,46.0,44.0,35.0,8.0,-5.0,-11.0,-13.0,-4.0,5.0,0.0,-5.0,20.0,25.0,27.0,28.0,15.0,108.0,128.0,158.4,172.6,169.2,192.2
4,21.5,2.0,10.666666666666657,9.333333333333343,-9.25,-25.25,-19.0,-39.0,-40.0,-37.0,-24.0,0.0,26.0,22.0,27.0,16.0,9.0,6.0,16.0,33.0,51.0,46.0,44.0,35.0,8.0,138.0,144.85,112.8,123.0,139.0,175.8
5,17.0,-6.666666666666657,-1.6666666666666856,-6.333333333333314,-11.5,-23.166666666666657,-19.0,-31.666666666666657,-27.0,-18.0,-13.0,3.0,17.333333333333314,10.0,3.666666666666657,1.6666666666666572,-1.0,-10.666666666666657,-3.0,3.333333333333343,-3.0,-21.333333333333343,-19.0,-39.0,-40.0,168.0,166.16666666666669,142.4,146.6,144.66666666666669,120.2
7,12.5,-15.333333333333343,-14.0,-22.0,-13.75,-21.083333333333343,-19.0,-24.333333333333343,-14.0,1.0,-1.9999999999999716,6.0,8.666666666666686,-2.0,-19.666666666666657,-12.666666666666686,-11.0,-12.333333333333343,0.5,11.166666666666657,10.0,0.3333333333333428,6.5,-7.0,-14.0,198.0,187.48333333333332,172.0,170.20000000000002,165.33333333333331,164.5
8,8.0,-4.0,-10.0,-20.0,-16.0,-19.0,-19.0,-17.0,-1.0,20.0,9.0,9.0,0.0,-14.0,-43.0,-27.0,-21.0,-14.0,4.0,19.0,23.0,22.0,32.0,25.0,12.0,217.2,208.8,201.6,193.8,186.0,208.8
9,53.0,68.0,71.0,61.0,37.0,34.0,11.0,4.0,13.0,6.0,-8.0,-2.0,-1.0,-6.0,21.0,32.0,39.0,71.0,67.0,38.0,29.0,11.0,-16.0,-12.0,-4.0,71.0,129.0,142.6,143.4,192.8,194.4
10,56.0,65.0,65.0,55.0,15.0,-5.0,-24.0,-37.0,-39.0,-27.0,-11.0,-3.0,1.0,-11.0,-22.0,-35.0,-33.0,-22.0,-8.0,-2.0,4.0,-5.0,-16.0,-20.0,-21.0,90.0,141.2,114.8,105.6,85.6,74.0
11,9.0,23.0,41.0,66.0,68.0,62.0,46.0,21.0,-11.0,-25.0,-26.0,-18.0,-5.0,12.0,32.0,40.0,43.0,42.0,35.0,29.0,17.0,2.0,-22.0,-48.0,-63.0,60.8,102.2,120.8,119.8,157.6,134.8
12,10.0,6.0,-6.0,-12.0,-12.0,-8.0,-2.0,17.0,31.0,22.0,16.0,10.0,4.0,21.0,29.0,54.0,88.0,80.0,38.0,33.0,11.0,-26.0,-22.0,-4.0,8.0,154.6,151.8,163.8,179.8,238.4,231.8
13,10.0,4.0,4.0,7.0,11.0,8.0,0.0,-14.0,-32.0,-43.0,-45.0,-36.0,-16.0,0.0,3.0,6.0,4.0,1.0,1.0,4.0,3.0,-2.0,-8.0,-16.5,-9.0,190.8,198.0,181.8,163.0,166.2,159.7
14,-37.0,-44.0,-46.0,-41.0,-28.0,-25.0,-22.0,-11.0,-3.0,-3.0,-4.0,-4.0,-10.0,-13.0,-14.0,-19.0,-25.0,-37.0,-48.0,-55.0,-57.0,-53.0,-43.0,-33.0,-19.0,216.6,177.4,164.6,155.6,118.8,77.8
15,73.0,72.0,55.0,56.0,56.0,75.0,63.0,64.0,56.0,64.0,59.0,68.0,70.0,65.0,55.0,42.0,19.0,-4.0,-25.0,-37.0,-229.5,-217.0,-194.0,-32.0,-32.0,88.4,150.8,215.2,278.6,277.6,136.7
16,-9.0,-7.0,-10.0,-18.0,-41.0,-57.0,-83.0,-98.0,-155.0,-164.0,-167.0,-163.0,-159.0,-110.0,-93.0,-81.0,-74.0,-59.0,-42.0,-27.0,-8.0,26.0,53.0,74.0,79.0,367.0,350.0,238.6,100.2,43.6,88.4
17,83.0,89.0,80.0,66.0,34.0,31.0,27.0,35.0,39.0,39.0,23.0,21.0,16.0,16.0,14.0,16.0,11.0,9.0,21.0,33.0,33.0,37.0,30.0,12.0,-1.0,218.8,289.2,323.4,341.4,359.4,381.6
18,-16.0,1.0,33.0,53.0,99.0,103.0,106.0,95.0,107.0,83.0,89.0,80.0,66.0,34.0,31.0,27.0,35.0,39.0,39.0,23.0,21.0,16.0,16.0,14.0,16.0,102.6,136.6,235.4,295.4,328.0,344.6
19,-24.0,-28.0,-32.0,-26.0,-23.0,-16.0,1.0,33.0,53.0,99.0,103.0,106.0,95.0,107.0,83.0,89.0,80.0,66.0,34.0,31.0,27.0,35.0,39.0,39.0,23.0,129.2,102.6,136.6,235.4,295.4,328.0
20,-12.0,-4.0,13.0,42.0,66.0,74.0,75.0,69.0,52.0,42.0,27.0,14.0,2.0,-9.0,-18.0,-7.0,3.0,9.0,7.0,-3.0,-18.0,-30.0,-38.0,-45.0,-44.0,130.4,151.4,213.8,217.0,218.8,183.8
21,9.0,20.0,36.0,42.0,42.0,37.0,42.0,27.0,13.0,1.0,-9.0,-16.0,-7.0,20.0,38.0,45.0,31.5,25.5,34.0,30.0,26.0,33.5,28.5,3.0,-2.0,103.2,133.0,157.0,162.2,195.4,213.2
22,-29.0,-13.0,-7.0,8.0,25.0,47.0,65.0,77.0,72.0,59.0,18.0,-15.0,-46.0,-60.0,-71.0,-59.0,-45.0,-26.0,-15.0,-15.0,-27.0,-42.0,-50.0,-53.0,-47.0,143.2,140.0,204.0,169.2,137.2,93.4
23,-29.0,-39.0,-38.0,-35.0,-27.0,-6.0,-16.0,-30.0,-34.0,-42.0,-48.0,-38.0,-32.0,-43.0,-38.0,-21.0,-11.0,-6.0,-8.0,-23.0,-41.0,-56.0,-63.0,-49.0,-40.0,374.6,341.0,315.4,275.6,261.8,212.0
24,-29.0,-39.0,-38.0,-35.0,-27.0,-6.0,-16.0,-30.0,-34.0,-42.0,-48.0,-38.0,-32.0,-43.0,-38.0,-21.0,-11.0,-6.0,-8.0,-23.0,-41.0,-56.0,-63.0,-49.0,-40.0,374.6,341.0,315.4,275.6,261.8,212.0
25,140.0,135.0,139.0,129.0,108.0,87.0,88.0,59.0,39.0,31.0,14.0,3.0,-1.0,-29.0,-39.0,-38.0,-35.0,-27.0,-6.0,-16.0,-30.0,-34.0,-42.0,-48.0,-38.0,180.4,310.6,371.4,361.0,336.6,298.2
26,14.0,34.0,53.0,77.0,105.0,122.0,140.0,135.0,139.0,129.0,108.0,87.0,88.0,59.0,39.0,31.0,14.0,3.0,-1.0,-29.0,-39.0,-38.0,-35.0,-27.0,-6.0,99.4,156.0,289.0,365.2,368.8,339.8
27,-2.0,2.0,9.0,22.0,26.0,32.0,30.0,23.0,14.0,14.0,11.0,15.0,18.0,15.0,14.0,6.0,3.0,7.0,11.0,9.0,18.0,20.0,19.0,22.0,25.0,91.6,103.0,125.6,140.2,147.4,168.2
28,1.0,-4.5,-8.0,-7.5,-15.0,9.0,39.0,63.0,72.0,78.0,72.0,53.0,36.0,18.0,0.0,-16.0,-30.0,-46.0,-51.0,-51.0,-50.0,-40.0,-26.0,-15.0,-8.0,77.0,70.2,122.4,158.2,119.4,91.6
29,16.0,47.0,71.0,87.0,104.0,98.0,80.0,72.0,50.0,23.0,11.0,-4.0,-29.0,-39.0,-46.0,-55.0,-63.0,-59.0,-54.0,-55.0,-54.0,-44.0,-42.0,-45.0,-32.0,58.4,123.4,188.0,166.6,109.4,66.0
30,95.0,69.0,31.0,16.0,-4.0,-20.0,-27.0,-27.0,-28.0,-31.0,-39.0,-52.0,-61.0,-64.0,-61.0,-55.0,-41.0,-35.0,-34.0,-35.0,-33.0,-32.0,-27.0,-26.0,-30.0,228.6,270.0,243.4,188.0,148.0,118.4
31,73.0,53.0,53.0,59.0,62.0,71.0,68.0,48.0,16.0,-18.0,-53.0,-67.0,-65.0,-61.0,-59.0,-40.0,-40.0,-43.0,-30.0,-13.0,-14.0,-18.0,-20.0,-31.0,-37.0,225.4,285.4,322.4,261.4,228.2,204.2
32,-3.0,11.0,44.0,61.0,65.0,54.0,28.0,-14.0,-42.0,-56.0,-24.0,2.0,-2.0,5.0,12.0,-4.0,-14.0,0.0,7.0,3.0,-18.0,-31.0,-37.0,-41.0,-41.0,200.2,235.8,229.8,228.4,226.8,193.2
33,39.0,38.0,39.0,36.0,24.0,27.0,26.0,20.0,8.0,-16.0,-31.0,-41.0,-31.0,-17.0,3.0,12.0,12.0,2.0,-3.0,-4.0,-1.0,1.0,0.0,-5.0,-12.0,212.4,247.6,260.6,237.2,241.0,237.6
34,31.666666666666686,35.33333333333334,28.666666666666657,13.666666666666657,-4.666666666666657,-6.333333333333343,-25.0,-35.0,-42.0,-40.0,-47.0,-47.0,-40.0,-30.0,-30.0,-27.0,-26.0,-22.0,-16.0,-13.0,-12.0,-11.0,-18.0,-18.0,-22.0,190.93333333333334,211.8666666666667,182.2,143.4,122.6,106.4
35,24.333333333333314,21.166666666666657,14.333333333333343,-1.6666666666666572,-10.333333333333343,-17.666666666666657,-34.5,-35.0,-11.5,-16.0,-17.5,-14.0,-19.5,-40.0,-39.0,-34.0,-30.0,-23.0,-14.0,-5.0,-0.5,2.5,-1.0,-2.5,-5.5,169.46666666666667,179.03333333333333,156.1,130.1,108.9,107.5
36,17.0,7.0,0.0,-2.0,12.0,21.0,27.0,18.0,4.0,-20.0,-38.0,-52.0,-52.0,-50.0,-48.0,-41.0,-34.0,-24.0,-12.0,3.0,11.0,16.0,16.0,13.0,11.0,148.0,154.8,164.8,116.8,95.2,108.6
37,3.0,2.0,10.0,13.0,9.0,8.0,10.0,11.0,8.0,-1.0,-7.0,-9.0,-8.0,-3.0,3.0,2.0,-6.0,-14.0,-17.0,-15.0,-8.0,-2.0,0.0,-4.0,-10.0,147.6,155.0,162.2,157.4,147.4,142.6
38,40.0,47.0,48.0,53.0,52.0,55.0,49.0,49.0,38.0,19.0,6.0,-4.0,-12.0,-13.0,-12.0,-36.0,-49.0,-59.0,-72.0,-73.0,-56.0,-53.0,-54.0,-40.0,-39.0,179.8,227.8,269.8,262.8,205.0,156.6
39,42.0,50.5,55.0,65.5,-51.5,-55.0,-53.5,-44.0,-40.5,39.0,40.0,35.0,28.0,21.0,16.0,11.0,2.0,-11.0,-25.0,-27.0,-30.0,-27.0,-27.0,-22.0,-15.0,127.3,159.6,128.8,156.8,146.8,122.6
40,16.0,14.0,11.0,11.0,13.0,23.0,43.0,52.0,62.0,68.0,60.0,49.0,43.0,32.0,20.0,16.0,3.0,-7.0,-20.0,-24.0,-29.0,-27.0,-26.0,-22.0,-27.0,112.0,125.0,174.6,215.4,209.0,182.8
41,-9.5,-38.0,-32.0,-24.0,-18.0,-44.5,-14.0,-14.0,-12.0,-13.0,-13.0,-9.0,-7.0,-6.0,-4.0,-5.0,-9.0,-6.0,1.0,6.0,11.0,13.0,8.0,2.0,-1.0,136.0,111.7,92.2,84.4,81.8,88.4
42,17.0,6.0,0.0,1.0,-3.0,-6.0,-8.0,-13.0,-20.0,-30.0,-38.0,-0.5,-38.0,-32.0,-24.0,-18.0,-53.5,-14.0,-14.0,-12.0,-13.0,-13.0,-9.0,-7.0,-6.0,154.8,159.0,143.6,117.1,94.8,85.2
43,-3.0,-5.0,-4.0,-5.0,-16.0,-25.0,-14.0,-13.0,-10.0,-1.0,7.0,2.0,3.0,4.0,4.0,-6.0,-20.0,-30.0,-40.0,-47.0,-44.0,-37.0,-33.0,-25.0,-20.0,230.8,224.2,211.6,215.6,187.0,155.2
44,-3.0,-5.0,-4.0,-5.0,-16.0,-25.0,-14.0,-13.0,-10.0,-1.0,7.0,2.0,3.0,4.0,4.0,-6.0,-20.0,-30.0,-40.0,-47.0,-44.0,-37.0,-33.0,-25.0,-20.0,230.8,224.2,211.6,215.6,187.0,155.2
45,17.0,18.0,13.0,10.0,17.0,8.0,0.0,2.0,1.0,-7.0,-8.0,-6.0,-12.0,-9.0,-3.0,-5.0,-4.0,-5.0,-16.0,-25.0,-14.0,-13.0,-10.0,-1.0,7.0,222.0,237.0,237.8,230.2,219.2,213.0
46,-20.0,-13.0,-7.0,0.0,13.0,-5.0,-13.0,-5.0,1.0,1.0,7.0,20.0,10.0,6.0,16.0,23.0,27.0,37.0,53.0,52.0,46.0,24.0,18.0,8.0,12.0,134.6,129.2,125.0,136.8,175.2,196.8
47,44.0,44.0,47.0,38.0,31.0,28.0,30.0,18.0,8.0,1.0,-6.0,-14.0,-13.0,-3.0,-3.0,-5.0,-8.0,-7.0,-20.0,-26.0,-28.0,-31.0,-33.0,-23.0,-18.0,125.4,166.2,183.2,175.4,162.2,135.6
48,35.0,45.0,39.0,17.0,-14.0,-41.0,-54.0,-57.0,-53.0,-41.0,-38.0,-36.0,-32.0,-26.0,-22.0,-20.0,-15.0,-11.0,-11.0,-8.0,-5.0,1.0,14.0,35.0,49.0,129.4,153.8,104.6,73.8,60.8,79.6
49,9.0,2.0,-7.0,-6.0,-12.0,-18.0,-18.0,-25.0,-42.0,-49.0,-55.0,-63.0,-71.0,-66.0,-66.0,-69.0,-77.0,-71.0,-68.0,-61.0,-44.0,-15.0,6.0,35.0,45.0,306.6,303.8,273.4,209.2,140.0,145.4
50,15.0,9.0,5.0,7.0,20.0,14.0,11.0,9.0,2.0,-7.0,-6.0,-12.0,-18.0,-18.0,-25.0,-42.0,-49.0,-55.0,-63.0,-71.0,-66.0,-66.0,-69.0,-77.0,-71.0,290.4,301.6,307.4,291.6,235.6,165.8
0,25.0,40.0,45.0,43.0,29.0,28.0,8.0,-2.0,-12.0,-26.0,-62.0,-86.0,-84.0,-87.0,-108.0,-88.0,-66.0,-77.0,-84.0,-67.0,-65.0,-62.0,-52.0,-38.0,-21.0,252.4,288.8,288.0,202.6,126.2,78.6
1,47.0,50.0,54.0,52.0,53.0,49.0,47.0,40.0,34.0,22.0,10.0,-2.0,-12.0,-17.0,-20.0,-22.0,-23.0,-27.0,-32.0,-37.0,-36.0,-36.0,-36.0,-43.0,-42.0,296.0,347.2,385.6,377.4,349.2,310.6
2,4.0,15.0,23.0,22.0,19.0,13.0,-2.0,-11.0,-14.0,-11.0,-5.0,-1.0,1.0,0.0,-2.0,-12.0,-21.0,-33.0,-30.0,-19.0,-4.0,29.0,55.0,67.0,62.0,145.4,162.0,157.0,155.6,132.6,174.4
3,5.0,3.0,3.0,7.0,13.0,9.0,5.0,5.0,-2.0,-11.0,-14.0,-12.0,-6.0,-2.0,-4.0,-6.0,-13.0,-20.0,-23.0,-22.0,-20.0,-17.0,-20.0,-21.0,-20.0,202.0,208.2,209.4,201.8,185.0,165.4
4,44.0,43.0,47.0,41.0,44.0,47.0,37.0,12.0,-25.0,-46.0,-65.0,-74.0,-71.0,-58.0,-55.0,-59.0,-54.0,-46.0,-39.0,-24.0,-9.0,1.0,2.0,-6.0,-14.0,190.8,234.6,239.6,175.0,130.6,125.4
5,-9.0,-11.0,-9.0,-19.0,-20.0,-15.0,-5.0,4.0,15.0,19.0,18.0,8.0,-5.0,-10.0,-13.0,-9.0,-1.0,8.0,10.0,9.0,3.0,4.0,14.0,23.0,32.0,154.8,141.2,144.8,144.4,147.8,163.0
6,-6.0,15.5,17.5,23.0,31.0,35.0,19.0,21.0,15.0,8.0,1.0,-19.0,-32.0,-38.0,-41.0,-33.0,-19.0,-12.0,-5.0,-4.0,-9.0,-11.0,-9.0,-19.0,-20.0,159.4,175.6,195.2,169.4,154.8,141.2
7,-3.0,-3.0,-1.0,-3.0,-6.0,-7.0,-11.0,-15.0,-18.0,-20.0,-20.0,-18.0,-16.0,-13.0,-11.0,-11.0,-11.0,-11.0,-12.0,-13.0,-11.0,-9.0,-9.0,-8.0,-7.0,164.0,160.8,146.6,131.0,119.4,110.6
8,25.0,38.0,40.0,35.0,26.0,27.0,26.0,31.0,40.0,48.0,54.0,49.0,49.0,41.0,21.0,-3.0,-21.0,-36.0,-34.0,-26.0,-22.0,-18.0,-17.0,-20.0,-20.0,104.6,137.4,171.8,214.6,190.6,171.2
9,-1.0,-1.0,-11.0,-25.0,-27.0,-33.0,-44.0,-49.0,-50.0,-55.0,-58.0,-51.0,-31.0,-9.0,10.0,23.0,29.0,16.0,-13.0,-39.0,-54.0,-55.0,-39.0,-7.0,21.0,199.2,186.2,140.0,112.2,115.4,88.6
10,-33.0,-34.0,-38.0,-32.0,-6.0,37.0,55.0,79.0,96.0,97.0,70.0,61.0,50.0,40.0,22.0,20.0,23.0,18.0,8.0,7.0,-3.0,-22.0,-38.0,-45.0,-51.0,137.4,108.8,181.6,230.2,245.4,213.6
11,-23.0,-22.0,-20.0,-15.0,-7.0,1.0,7.0,16.0,23.0,18.0,10.0,2.0,-8.0,-19.0,-28.0,-33.0,-34.0,-38.0,-32.0,-6.0,37.0,55.0,79.0,96.0,97.0,150.4,133.0,146.0,137.4,108.8,181.6
12,-2.0,-7.0,-14.0,-18.0,-23.0,-22.0,-20.0,-15.0,-7.0,1.0,7.0,16.0,23.0,18.0,10.0,2.0,-8.0,-19.0,-28.0,-33.0,-34.0,-38.0,-32.0,-6.0,37.0,158.6,145.8,133.2,148.0,130.8,116.2
13,9.0,11.0,8.0,-5.0,-12.0,-21.0,-28.0,-28.0,-20.0,-13.0,-10.0,-11.0,-10.0,-8.0,-7.0,-3.0,-2.0,-7.0,-14.0,-18.0,-23.0,-22.0,-20.0,-15.0,-7.0,188.2,190.4,168.4,159.2,150.4,133.0
14,45.0,36.0,21.0,6.0,-5.0,-2.0,-5.0,-3.0,-4.0,-15.0,-24.0,-31.0,-34.0,-32.0,-25.0,-18.0,-11.0,-5.0,-4.0,-2.0,-5.0,-9.0,-17.0,-21.0,-24.0,218.6,239.2,233.4,204.2,196.2,181.0
15,-2.0,1.5,-3.0,-7.5,-16.0,7.0,-2.0,1.0,2.0,3.0,6.0,12.0,17.0,16.0,12.0,6.0,-4.0,-13.0,-18.0,-20.0,-20.0,-20.0,-21.0,-20.0,-17.0,184.4,179.0,181.2,193.8,184.0,164.4
16,8.0,25.0,34.5,37.0,34.0,27.0,15.5,16.0,17.0,15.0,9.0,5.5,0.5,-2.0,-3.5,-25.0,-17.0,-19.0,-18.0,-15.5,7.0,-2.0,1.0,2.0,3.0,150.2,177.9,196.0,197.9,179.0,181.2
17,-12.0,-6.0,-2.0,5.0,12.0,20.0,24.0,31.0,32.0,27.0,12.0,-1.0,-16.0,-20.0,-19.0,-20.0,-33.0,-38.0,-44.0,-48.0,-46.0,-32.0,-14.0,0.0,5.0,184.6,184.0,210.8,202.0,165.4,148.0
18,-12.0,-6.0,-2.0,5.0,12.0,20.0,24.0,31.0,32.0,27.0,12.0,-1.0,-16.0,-20.0,-19.0,-20.0,-33.0,-38.0,-44.0,-48.0,-46.0,-32.0,-14.0,0.0,5.0,184.6,184.0,210.8,202.0,165.4,148.0
20,29.0,14.0,9.0,8.0,-5.0,-11.0,-18.0,-16.0,-18.0,-22.0,-37.0,-49.0,-35.0,-32.0,-26.0,-10.0,11.0,-7.0,-4.0,-6.0,-4.0,-7.0,-4.0,-7.0,12.0,140.6,151.6,134.6,98.8,95.6,93.6
21,15.0,22.0,15.0,9.0,5.0,6.0,15.0,38.0,77.0,81.0,83.0,68.0,52.0,19.0,13.0,2.0,-2.0,-10.0,-17.0,-21.0,-25.0,-21.0,-9.0,0.0,4.0,167.0,180.2,223.6,270.6,261.0,250.8
22,7.0,58.0,56.0,60.0,58.0,50.0,11.0,20.0,24.0,29.0,30.0,17.0,9.0,2.0,-4.0,-11.0,-24.0,-33.0,-25.0,-19.0,-21.0,-33.0,-14.0,-15.0,-17.0,116.6,164.4,191.2,202.0,179.6,159.6
23,3.0,-3.0,-3.0,-8.0,-8.0,-9.0,-7.0,-11.0,-13.0,-8.0,-3.0,7.0,10.0,11.0,11.0,5.0,-4.0,-4.0,-4.0,-15.0,-8.0,-1.0,1.0,3.0,9.0,125.4,121.6,112.0,119.2,114.8,115.6
24,27.0,34.0,28.0,26.0,22.0,22.0,37.0,32.0,27.0,18.0,4.0,-16.0,-12.0,-11.0,-12.0,-11.0,-21.0,-24.0,-21.0,-13.0,-4.0,10.0,11.0,8.0,14.0,140.4,167.8,195.0,185.6,167.6,175.4
25,13.0,11.0,8.0,0.0,-10.0,-14.0,-8.0,-12.0,-21.0,-30.0,-32.0,-47.0,-54.0,-47.0,-34.0,-40.0,-26.0,-15.0,-6.0,1.0,11.0,7.0,10.0,8.0,6.0,162.2,166.6,149.6,106.8,89.6,98.0
26,-12.0,-12.0,-1.0,3.0,9.0,19.0,32.0,36.0,39.0,48.0,51.0,57.0,61.0,69.0,74.0,81.0,84.0,81.0,75.0,63.0,55.0,47.0,38.0,30.0,25.0,57.8,55.2,90.0,152.4,229.2,268.2
27,-13.0,-14.0,-4.0,19.0,18.0,2.0,-4.0,-20.0,-48.0,-61.0,-54.0,-58.0,-55.0,-51.0,-39.0,-32.0,-24.0,-20.0,-20.0,-21.0,-24.0,-19.0,-17.0,-12.0,-12.0,169.6,170.8,144.6,93.2,69.8,53.0
28,39.0,35.0,38.0,34.0,34.0,33.0,32.0,26.0,22.0,13.0,6.0,3.0,3.0,3.0,4.0,4.0,3.0,1.0,1.0,1.0,0.0,-3.0,-7.0,-10.0,-15.0,121.2,157.2,182.4,186.2,188.2,181.2
29,-39.0,-42.0,-43.0,-40.0,-24.0,-5.0,13.0,15.0,11.0,-9.0,-25.0,-35.0,-41.0,-41.0,-38.0,-38.0,-33.0,-23.0,-12.0,-1.0,7.0,9.0,7.0,0.0,-3.0,191.0,153.4,158.4,122.4,101.0,105.0
30,58.0,54.0,29.0,12.0,14.0,3.0,-1.0,4.0,-6.0,-12.0,-27.0,-50.0,-58.0,-57.0,-57.0,-43.0,-13.0,-6.0,0.0,26.0,20.0,9.0,10.0,7.0,-14.0,188.4,221.8,219.4,169.6,162.4,168.8
31,-2.0,-2.0,-3.0,-4.0,-7.0,-4.0,-4.0,-9.0,-14.0,-13.0,-7.0,-3.0,-1.0,-2.0,-2.0,-8.0,-15.0,-22.0,-23.0,-28.0,-29.0,-24.0,-18.0,-14.0,-6.0,130.8,127.2,118.4,115.4,96.2,78.0
32,13.0,29.0,35.0,52.0,63.0,73.0,63.0,54.0,46.0,31.0,11.0,-8.0,-17.0,-31.0,-33.0,-32.0,-28.0,-25.0,-22.0,-16.0,-10.0,-12.0,-14.0,-12.0,-9.0,119.4,157.8,211.2,195.6,171.0,159.6
33,-59.0,-54.0,-48.0,-45.0,-49.0,-38.0,-38.0,-39.0,-35.0,-23.0,-17.0,-8.0,-1.0,2.0,0.0,1.0,1.0,2.0,6.0,12.0,19.0,23.0,29.0,26.0,20.0,182.0,131.0,96.4,91.6,96.0,119.4
34,-14.0,-14.0,-10.0,-8.0,-12.0,-19.0,-29.0,-30.0,-19.0,-1.0,18.0,35.0,42.0,36.0,32.0,28.0,20.0,16.0,11.0,4.0,4.0,21.0,29.0,40.0,42.0,176.2,164.6,145.0,177.6,193.4,220.6
35,-34.0,-24.0,-17.0,-13.0,-8.0,-1.0,-16.0,-31.0,-42.0,-45.0,-47.0,-49.0,-46.0,-34.0,-25.0,-19.0,-13.0,-8.0,-5.0,-3.0,1.0,4.0,8.0,11.0,23.0,178.2,159.0,132.0,91.8,82.2,91.6
36,-22.0,-25.0,-20.0,-11.0,-8.0,-3.0,4.0,8.0,10.0,10.0,12.0,15.0,16.0,19.0,19.0,18.0,19.0,23.0,29.0,39.0,48.0,50.0,52.0,58.0,58.0,89.2,72.0,77.8,94.0,119.6,172.8
37,-12.0,-20.0,-19.0,-12.0,-9.0,-9.0,0.0,4.0,8.0,9.0,9.0,7.0,7.0,8.0,7.0,2.0,-3.0,-7.0,-16.0,-26.0,-24.0,-22.0,-25.0,-20.0,-11.0,108.4,94.0,96.4,104.0,94.0,73.6
38,36.0,30.0,20.0,12.0,-2.0,-20.0,-20.0,-37.0,-52.0,-60.0,-73.0,-80.0,-62.0,-49.0,-47.0,-46.0,-38.0,-34.0,-22.0,-13.0,-4.0,-2.0,-2.0,-9.0,-12.0,261.2,280.4,242.6,180.4,149.8,144.0
39,15.0,18.0,14.0,15.0,14.0,-1.0,-7.0,-8.0,-13.0,-13.0,-8.0,-7.0,-13.0,-17.0,-28.0,-45.0,-53.0,-50.0,-51.0,-50.0,-36.0,-28.0,-17.0,-5.0,6.0,193.6,208.8,200.4,185.8,136.0,120.0
40,55.0,50.0,45.0,39.0,30.0,24.0,6.0,-7.0,-18.0,-26.0,-38.0,-47.0,-53.0,-59.0,-57.0,-52.0,-48.0,-37.0,-25.0,-23.0,-23.0,-17.0,-14.0,-11.0,-4.0,195.2,239.0,234.8,184.0,147.0,133.2
41,44.0,33.5,27.0,25.0,22.5,8.5,-1.0,-16.0,-29.0,-40.0,-47.0,-49.0,-45.0,-45.0,-45.0,-45.0,-41.0,-41.0,-41.0,-37.0,-30.0,-15.0,4.0,22.0,37.0,178.5,208.9,193.4,147.2,106.2,109.8
43,33.0,36.0,34.0,30.0,27.0,7.0,-2.0,-6.0,-5.0,2.0,10.0,11.0,12.0,12.0,7.0,2.0,2.0,3.0,0.0,-11.0,-24.0,-34.0,-43.0,-49.0,-50.0,161.8,193.8,193.0,203.4,202.6,162.6
44,7.0,-6.0,-11.0,-12.0,-15.0,-20.0,-18.0,-22.0,-26.0,-26.0,-24.0,-19.0,-16.0,-13.0,-8.0,-3.0,5.0,14.0,16.0,16.0,17.0,21.0,24.0,26.0,20.0,177.6,170.2,147.8,131.8,141.4,163.0
45,1.0,9.0,19.0,25.0,25.0,22.0,20.0,16.0,16.0,22.0,28.0,28.0,25.0,15.0,3.0,-6.0,-12.0,-19.0,-22.0,-24.0,-28.0,-28.0,-23.0,-19.0,-13.0,109.2,125.0,144.2,164.0,147.4,125.2
46,4.0,21.0,34.0,43.5,50.0,50.0,26.0,-1.0,-27.0,-39.0,-46.0,-49.0,-40.0,-27.0,-20.0,-11.0,1.0,9.0,19.0,25.0,25.0,22.0,20.0,16.0,16.0,115.5,146.0,147.8,111.4,120.0,139.8
47,7.0,2.0,-6.0,-5.0,11.0,35.0,42.0,46.0,37.0,11.0,-26.0,-45.0,-55.0,-55.0,-50.0,-41.0,-34.0,-31.0,-33.0,-32.0,-30.0,-29.0,-26.0,59.5,71.0,121.8,123.6,157.8,111.6,77.4,86.5
48,-3.0,-10.0,-12.0,-10.0,-9.0,-9.0,-1.0,6.0,14.0,24.0,24.0,18.0,7.0,-5.0,-12.0,-6.0,9.0,21.0,29.0,33.0,33.0,22.0,13.0,8.0,4.0,83.6,74.8,81.6,88.0,105.2,121.2
49,11.0,55.0,77.0,85.0,87.0,86.0,39.0,23.0,26.0,30.0,29.0,28.0,21.0,18.0,22.0,25.0,16.0,5.0,-11.0,-34.0,-44.0,-41.0,-33.0,-26.0,-17.0,159.2,222.2,263.0,286.6,286.8,254.6
50,23.0,31.0,37.0,41.0,44.0,45.0,43.0,34.0,18.0,0.0,-18.0,-37.0,-44.0,-41.0,-33.0,-22.0,-7.0,6.0,11.0,10.0,3.0,-5.0,-13.0,-13.0,-7.0,118.4,153.6,181.6,147.0,146.6,139.6
0,22.75,31.25,35.25,19.25,20.0,18.5,13.0,4.75,-3.0,-3.5,-1.5,2.5,10.0,35.0,33.0,26.0,18.0,11.0,3.0,-3.0,-9.0,-16.0,-17.0,-18.0,-20.0,129.95,155.65,161.6,177.4,188.4,172.4
1,22.5,31.5,33.5,-2.5,-4.0,-8.0,-17.0,-24.5,7.0,9.0,14.0,21.0,29.0,35.0,33.0,26.0,18.0,11.0,3.0,-3.0,-9.0,-16.0,-17.0,-18.0,-20.0,141.5,157.7,151.0,177.4,188.4,172.4
2,22.25,31.75,31.75,-14.25,-15.5,-19.0,-28.5,-34.75,7.0,9.0,14.0,21.0,29.0,35.0,33.0,26.0,18.0,11.0,3.0,-3.0,-9.0,-16.0,-17.0,-18.0,-20.0,153.05,164.25,151.0,177.4,188.4,172.4
3,22.0,32.0,30.0,24.0,19.0,14.0,7.0,3.0,8.0,10.0,6.0,-1.0,-4.0,-10.0,-14.0,-14.0,-16.0,-15.0,-12.0,-10.0,-10.0,-9.0,-11.0,-15.0,-17.0,164.6,190.0,198.4,193.8,180.4,168.0
4,-2.0,-5.0,-9.0,-11.0,-11.0,-7.0,1.0,10.0,22.0,31.0,35.0,38.0,46.0,48.0,37.0,33.0,24.0,13.0,4.0,7.0,7.0,10.0,8.0,5.0,4.0,87.0,79.4,90.8,131.6,147.8,154.6
5,-20.0,-17.0,-15.0,-11.0,-6.0,-3.0,1.0,4.0,6.0,9.0,8.0,4.0,4.0,3.0,1.0,1.0,-1.0,-9.0,-15.0,-21.0,-23.0,-22.0,-18.0,-15.0,-12.0,129.2,115.4,118.8,122.8,113.8,95.8
6,45.0,44.0,38.0,28.0,16.0,4.0,-5.0,-13.0,-20.0,-20.0,-17.0,-15.0,-11.0,-6.0,-3.0,1.0,4.0,6.0,9.0,8.0,4.0,4.0,3.0,1.0,1.0,101.8,136.0,125.2,114.8,120.4,123.0
7,-3.0,-10.0,-15.0,-12.0,-3.0,8.0,16.0,27.0,35.0,37.0,39.0,39.0,37.0,34.0,31.0,27.0,17.0,3.0,-12.0,-33.0,-52.0,-57.0,-61.0,-66.0,-61.0,197.4,188.8,213.4,249.4,249.8,190.4
8,28.0,27.0,27.0,24.0,25.0,33.0,41.0,45.0,46.0,41.0,26.0,10.0,-3.0,-10.0,-15.0,-12.0,-3.0,8.0,16.0,27.0,35.0,37.0,39.0,39.0,37.0,122.8,149.0,190.2,191.8,199.0,236.4
9,25.0,28.0,27.0,27.0,24.0,25.0,33.0,41.0,45.0,46.0,41.0,26.0,10.0,-3.0,-10.0,-15.0,-12.0,-3.0,8.0,16.0,27.0,35.0,37.0,39.0,39.0,117.8,144.0,182.0,194.8,193.6,229.0
10,13.0,7.0,6.0,3.0,0.0,8.0,35.0,60.0,81.0,94.0,95.0,79.0,62.0,43.0,15.0,-12.0,-51.0,-79.0,-94.0,-95.0,-91.0,-72.0,-49.0,-39.0,-28.0,145.6,151.4,207.0,265.8,199.6,143.8
11,6.0,6.0,6.0,12.0,13.0,7.0,6.0,3.0,0.0,8.0,35.0,60.0,81.0,94.0,95.0,79.0,62.0,43.0,15.0,-12.0,-51.0,-79.0,-94.0,-95.0,-91.0,139.6,148.2,153.0,226.0,263.4,181.4
12,-31.0,-31.0,-34.0,-35.0,-37.0,-35.0,-36.0,-36.0,-36.0,-32.0,-27.0,-27.0,-27.0,-25.0,-19.0,-17.0,-15.0,-14.0,-10.0,-8.0,-5.0,-5.0,-6.0,-12.0,-19.0,273.0,239.4,204.4,179.4,166.6,157.2
13,-31.0,-31.0,-34.0,-35.0,-37.0,-35.0,-36.0,-36.0,-36.0,-32.0,-27.0,-27.0,-27.0,-25.0,-19.0,-17.0,-15.0,-14.0,-10.0,-8.0,-5.0,-5.0,-6.0,-12.0,-19.0,273.0,239.4,204.4,179.4,166.6,157.2
14,-28.0,-31.0,-31.0,-34.0,-35.0,-37.0,-35.0,-36.0,-36.0,-36.0,-32.0,-27.0,-27.0,-27.0,-25.0,-19.0,-17.0,-15.0,-14.0,-10.0,-8.0,-5.0,-5.0,-6.0,-12.0,278.6,246.8,210.8,183.2,168.2,161.0
15,14.0,13.0,13.0,11.0,7.0,3.0,-3.0,-11.0,-12.0,-16.0,-25.0,-28.0,-31.0,-31.0,-34.0,-35.0,-37.0,-35.0,-36.0,-36.0,-36.0,-32.0,-27.0,-27.0,-27.0,279.8,291.4,283.6,253.8,218.0,188.2
16,12.0,14.0,13.0,13.0,11.0,7.0,3.0,-3.0,-11.0,-12.0,-16.0,-25.0,-28.0,-31.0,-31.0,-34.0,-35.0,-37.0,-35.0,-36.0,-36.0,-36.0,-32.0,-27.0,-27.0,277.4,290.0,286.8,260.6,225.2,193.6
17,5.0,-1.0,-6.0,-13.0,-21.0,-24.0,-13.0,5.0,36.0,58.0,77.0,87.0,85.0,70.0,57.0,46.0,37.0,31.0,23.0,27.0,27.0,25.0,22.0,20.0,13.0,142.8,135.6,148.0,223.2,256.0,277.4
18,7.0,6.0,6.0,6.0,5.0,-1.0,-6.0,-13.0,-21.0,-24.0,-13.0,5.0,36.0,58.0,77.0,87.0,85.0,70.0,57.0,46.0,37.0,31.0,23.0,27.0,27.0,137.8,143.8,130.8,163.4,232.4,261.4
19,-17.0,-15.0,-19.0,-23.0,-17.0,-13.0,-9.0,-8.0,-13.0,-27.0,-40.0,-51.0,-59.0,-56.0,-50.0,-45.0,-39.0,-35.0,-38.0,-41.0,-43.0,-43.0,-40.0,-30.0,-19.0,242.4,224.2,210.2,159.0,119.4,84.4
20,50.0,63.0,72.0,69.0,63.0,56.0,55.0,52.0,54.0,50.0,45.0,34.0,24.0,15.0,4.0,-5.0,-10.0,-10.0,-8.0,-4.0,0.0,-1.0,-9.0,-11.0,-12.0,118.6,182.0,235.4,259.8,252.4,245.8
21,19.0,35.0,50.0,63.0,72.0,69.0,63.0,56.0,55.0,52.0,54.0,50.0,45.0,34.0,24.0,15.0,4.0,-5.0,-10.0,-10.0,-8.0,-4.0,0.0,-1.0,-9.0,107.8,155.6,214.6,256.0,254.8,250.4
22,-6.0,-5.0,-1.0,3.0,10.0,19.0,35.0,50.0,63.0,72.0,69.0,63.0,56.0,55.0,52.0,54.0,50.0,45.0,34.0,24.0,15.0,4.0,-5.0,-10.0,-10.0,107.6,107.8,155.6,214.6,256.0,254.8
23,28.0,25.0,13.0,-1.0,-7.0,-7.0,2.0,23.0,37.0,48.0,51.0,51.0,46.0,44.0,40.0,44.0,45.0,44.0,44.0,47.0,44.0,36.0,29.0,14.0,-4.0,122.6,134.2,154.8,201.2,246.0,269.8
24,6.0,9.0,14.0,24.0,30.0,28.0,25.0,13.0,-1.0,-7.0,-7.0,2.0,23.0,37.0,48.0,51.0,51.0,46.0,44.0,40.0,44.0,45.0,44.0,44.0,47.0,106.0,122.6,134.2,154.8,201.2,246.0
25,-23.0,-17.0,-11.0,-7.0,-3.0,3.0,11.0,29.0,42.0,43.0,43.0,31.0,11.0,-1.0,-4.0,-3.0,11.0,19.0,20.0,20.0,17.0,11.0,7.0,2.0,-7.0,74.0,61.8,87.4,103.4,116.8,122.8
26,64.0,76.0,74.0,62.0,53.0,47.0,47.0,46.0,42.0,38.0,34.0,25.0,22.0,21.0,17.0,7.0,-5.0,-18.0,-32.0,-35.0,-31.0,-24.0,-13.0,-2.0,-3.0,106.4,172.2,216.2,240.0,223.4,208.8
27,31.0,49.0,64.0,76.0,74.0,62.0,53.0,47.0,47.0,46.0,42.0,38.0,34.0,25.0,22.0,21.0,17.0,7.0,-5.0,-18.0,-32.0,-35.0,-31.0,-24.0,-13.0,90.4,149.2,200.2,232.4,236.8,209.8
28,-3.0,-3.0,-1.0,2.0,11.0,31.0,49.0,64.0,76.0,74.0,62.0,53.0,47.0,47.0,46.0,42.0,38.0,34.0,25.0,22.0,21.0,17.0,7.0,-5.0,-18.0,89.2,90.4,149.2,200.2,232.4,236.8
29,-2.0,-3.0,-3.0,-1.0,2.0,11.0,31.0,49.0,64.0,76.0,74.0,62.0,53.0,47.0,47.0,46.0,42.0,38.0,34.0,25.0,22.0,21.0,17.0,7.0,-5.0,89.6,88.2,134.4,191.0,228.0,240.4
30,1.0,8.0,13.0,15.0,14.0,5.0,2.0,4.0,13.0,27.0,40.0,49.0,56.0,55.0,43.0,32.0,14.0,-5.0,-26.0,-43.0,-55.0,-57.0,-57.0,-47.0,-31.0,120.4,130.6,140.8,189.4,183.8,134.4
31,-5.0,-8.0,-7.0,1.0,8.0,13.0,15.0,14.0,5.0,2.0,4.0,13.0,27.0,40.0,49.0,56.0,55.0,43.0,32.0,14.0,-5.0,-26.0,-43.0,-55.0,-57.0,124.4,122.2,132.0,158.6,198.6,161.4
32,-14.0,-6.0,1.0,9.0,13.0,10.0,7.0,3.0,-3.0,-9.0,-16.0,-19.0,-18.0,-20.0,-25.0,-23.0,-20.0,-20.0,-21.0,-13.0,-10.0,-7.0,-4.0,1.0,2.0,128.2,128.8,130.4,110.8,91.4,87.8
33,41.0,33.0,27.0,22.0,19.0,21.0,28.0,28.0,27.0,25.0,22.0,21.0,19.0,12.0,4.0,-2.0,-7.0,-5.0,1.0,4.0,3.0,-2.0,-10.0,-16.0,-17.0,109.6,138.0,163.8,179.4,177.6,169.2
34,44.0,41.0,33.0,27.0,22.0,19.0,21.0,28.0,28.0,27.0,25.0,22.0,21.0,19.0,12.0,4.0,-2.0,-7.0,-5.0,1.0,4.0,3.0,-2.0,-10.0,-16.0,100.8,134.2,158.8,178.6,176.8,172.6
35,0.0,11.0,20.0,39.0,53.0,65.0,69.0,75.0,71.0,59.0,49.0,42.0,28.0,19.0,24.0,24.0,25.0,28.0,18.0,6.0,-4.0,-21.0,-39.0,-45.0,-54.0,64.4,89.0,156.8,189.2,209.4,176.8
36,29.0,39.0,49.0,51.0,52.0,50.0,50.0,47.0,42.0,40.0,38.0,27.0,7.0,-7.0,-19.0,-30.0,-30.0,-21.0,-10.0,-7.0,-16.0,-33.0,-48.0,-64.0,-73.0,149.0,193.0,238.8,248.0,228.4,181.6
37,-10.0,-10.0,-7.0,5.0,13.0,18.0,29.0,39.0,49.0,51.0,52.0,50.0,50.0,47.0,42.0,40.0,38.0,27.0,7.0,-7.0,-19.0,-30.0,-30.0,-21.0,-10.0,147.2,145.4,182.6,230.8,251.8,229.8
38,-21.0,-20.0,-10.0,2.0,27.0,47.0,56.0,56.0,55.0,43.0,45.0,47.0,47.0,49.0,48.0,38.0,27.0,15.0,0.0,-18.0,-25.0,-18.0,-10.0,-8.0,-9.0,125.2,120.8,172.2,219.4,231.8,217.8
39,-28.0,-24.0,-19.0,-21.0,-20.0,-10.0,2.0,27.0,47.0,56.0,56.0,55.0,43.0,45.0,47.0,47.0,49.0,48.0,38.0,27.0,15.0,0.0,-18.0,-25.0,-18.0,139.4,117.0,141.4,190.6,232.4,223.2
40,-11.0,-19.0,-27.0,-36.0,-42.0,-37.0,-30.0,-28.0,-32.0,-30.0,-33.0,-36.0,-36.0,-36.0,-36.0,-33.0,-28.0,-24.0,-19.0,-21.0,-20.0,-10.0,2.0,27.0,47.0,239.8,212.8,181.4,146.0,121.0,130.2
41,49.0,42.0,39.0,54.0,54.0,42.0,45.0,30.0,-1.0,-22.0,-33.0,-43.0,-37.0,-24.0,-14.0,-11.0,-19.0,-27.0,-36.0,-42.0,-37.0,-30.0,-28.0,-32.0,-30.0,203.6,251.2,270.0,239.8,212.8,181.4
42,8.0,16.0,20.0,29.0,38.0,43.0,41.0,43.0,45.0,45.0,47.0,49.0,42.0,39.0,54.0,54.0,42.0,45.0,30.0,-1.0,-22.0,-33.0,-43.0,-37.0,-24.0,128.6,150.8,194.2,240.4,274.4,242.6
43,8.0,11.0,10.0,7.0,8.0,16.0,20.0,29.0,38.0,43.0,41.0,43.0,45.0,45.0,47.0,49.0,42.0,39.0,54.0,54.0,42.0,45.0,30.0,-1.0,-22.0,121.4,130.2,159.4,203.6,251.2,270.0
44,52.0,69.0,81.0,89.0,81.0,66.0,47.0,31.0,5.0,-21.0,-45.0,-47.0,-54.0,-49.0,-40.0,-33.0,-41.0,-45.0,-45.0,-47.0,-46.0,-43.0,-37.0,-32.0,-22.0,106.0,180.4,206.0,159.0,116.8,80.8
45,-3.0,4.0,14.0,30.0,52.0,69.0,81.0,89.0,81.0,66.0,47.0,31.0,5.0,-21.0,-45.0,-47.0,-54.0,-49.0,-40.0,-33.0,-41.0,-45.0,-45.0,-47.0,-46.0,97.0,116.4,193.6,197.0,152.4,107.6
46,-14.0,-22.0,-25.0,-25.0,-21.0,-18.0,-13.0,-2.0,17.0,41.0,60.0,74.0,78.0,65.0,42.0,25.0,12.0,1.0,-5.0,-10.0,-20.0,-33.0,-44.0,-52.0,-57.0,188.6,167.2,172.2,236.0,240.6,199.4
47,1.0,0.0,-1.0,0.0,6.0,10.0,7.0,2.0,-5.0,-14.0,-22.0,-25.0,-25.0,-21.0,-18.0,-13.0,-2.0,17.0,41.0,60.0,74.0,78.0,65.0,42.0,25.0,184.6,185.8,185.8,163.6,184.2,241.0
48,-7.0,1.0,-2.0,2.0,3.0,-9.0,-21.0,-35.0,-39.0,-44.0,-46.0,-40.0,-25.0,-23.0,-18.0,-11.0,-6.0,-3.0,-1.0,0.0,-2.0,-5.0,-8.0,-12.0,-13.0,230.0,229.4,199.8,169.4,165.2,157.2
49,-5.0,-13.0,-15.0,-20.0,-23.0,-27.0,-19.0,-7.0,1.0,-2.0,2.0,3.0,-9.0,-21.0,-35.0,-39.0,-44.0,-46.0,-40.0,-25.0,-23.0,-18.0,-11.0,-6.0,-3.0,254.4,239.2,228.4,216.4,177.6,165.4
50,-15.0,13.0,26.0,27.0,31.0,37.0,8.0,-8.0,-10.0,-9.0,-7.0,-5.0,-13.0,-15.0,-20.0,-23.0,-27.0,-19.0,-7.0,1.0,-2.0,2.0,3.0,-9.0,-21.0,235.8,252.2,255.8,243.8,228.8,223.4
0,-19.0,-21.0,-23.5,-22.0,-21.5,-10.5,-7.0,-10.0,-11.0,-10.0,-11.0,-15.0,-10.0,-7.0,-6.0,-4.0,-3.0,-6.0,-8.0,-10.0,-14.0,-16.0,-13.0,-12.0,-10.0,187.9,166.5,156.8,147.0,140.8,127.8
1,-23.0,-33.0,-37.0,-29.0,-15.0,20.0,28.0,29.0,24.0,19.0,21.0,24.0,39.0,45.0,39.0,30.0,46.0,34.0,34.0,40.0,31.0,14.0,11.0,3.0,-7.0,140.0,112.6,136.6,170.2,207.0,217.4
2,-28.0,-30.0,-27.0,-14.0,4.0,23.0,39.0,48.0,52.0,57.0,58.0,47.0,43.0,32.0,14.0,-2.0,-7.0,-12.0,-8.0,-4.0,-7.0,-24.0,-38.0,-52.0,-64.0,187.4,168.4,212.2,251.0,244.4,207.4
3,65.0,-30.0,-13.0,-1.0,4.0,11.0,17.0,-5.0,-18.0,-24.0,-27.0,-28.0,-27.0,-27.0,-25.0,-24.0,-22.0,-21.0,-21.0,-24.0,-28.0,-30.0,-27.0,-14.0,4.0,235.4,240.4,236.6,209.8,187.4,168.4
4,1.0,11.0,17.0,20.0,20.0,17.0,12.0,12.0,14.0,17.0,24.0,37.0,34.0,32.0,31.0,25.0,18.0,25.0,18.0,16.0,18.0,15.0,7.0,12.0,13.0,142.8,156.6,171.0,202.6,223.0,236.0
5,-22.0,-33.0,-34.0,-30.0,-20.0,-8.0,13.0,22.0,20.0,11.0,-1.0,-11.0,-10.0,14.0,47.0,56.0,70.0,63.0,32.0,-2.0,-10.0,-18.0,0.0,21.0,29.0,127.2,99.4,111.0,118.8,162.6,167.0
6,3.0,6.0,9.0,14.0,18.0,23.0,30.0,37.0,45.0,54.0,47.0,45.0,40.0,20.0,3.0,2.0,-6.0,-11.0,-6.0,-4.0,-3.0,-3.0,-5.0,-12.0,-22.0,142.2,152.2,190.0,221.0,216.0,207.0
7,-28.0,-33.0,-34.0,-39.0,-40.0,-30.0,-26.0,-17.0,-6.0,2.0,-4.0,-7.0,-18.0,-28.0,-29.0,-29.0,-27.0,-24.0,-24.0,-27.0,-26.0,-24.0,-19.0,-14.0,-9.0,254.2,219.4,204.0,186.8,160.6,142.2
8,-18.0,-12.0,-8.0,-9.0,-10.0,-12.0,-23.0,-27.0,-24.0,-25.0,-19.0,-20.0,-28.0,-33.0,-34.0,-39.0,-40.0,-30.0,-26.0,-17.0,-6.0,2.0,-4.0,-7.0,-18.0,295.6,284.2,262.0,235.2,204.8,198.2
9,80.0,6.0,10.0,13.0,-65.5,-54.0,32.0,42.0,54.0,56.0,56.0,55.0,47.0,44.0,40.0,36.0,29.0,27.0,19.0,12.0,4.0,2.0,1.0,-1.0,2.0,183.9,192.6,218.6,267.0,291.6,293.2
10,-25.0,-19.0,-19.0,-16.0,-22.0,-18.0,-7.0,5.0,10.0,20.0,16.0,11.0,5.0,-3.0,-12.0,-14.0,-17.0,-15.0,-14.0,-9.0,-5.0,-5.0,-7.0,-6.0,-18.0,221.4,201.2,203.2,206.6,192.8,184.6
11,-19.0,-3.0,11.0,12.0,0.0,-17.0,-31.0,-35.0,-31.0,-25.0,-19.0,-19.0,-16.0,-22.0,-18.0,-7.0,5.0,10.0,20.0,16.0,11.0,5.0,-3.0,-12.0,-14.0,244.0,244.2,216.4,197.6,206.4,203.8
12,23.0,20.0,13.0,3.0,-8.0,-14.0,-5.0,5.0,14.0,17.0,11.0,-1.0,-12.0,-18.0,-19.0,-12.0,-1.0,6.0,7.0,2.0,-12.0,-29.0,-35.0,-29.0,-19.0,258.8,269.0,272.4,264.6,265.0,240.2
13,-24.0,28.0,59.0,72.0,74.0,71.0,57.0,46.0,46.0,46.0,39.0,35.0,31.0,25.0,23.0,29.0,29.0,30.0,33.0,32.0,26.0,24.0,19.0,10.0,0.0,86.2,128.0,181.2,211.8,242.4,258.2
14,19.0,31.0,23.0,11.0,6.0,-30.0,-40.0,-24.0,-9.0,-4.0,-3.0,-13.0,-27.0,-36.0,-39.0,-37.0,-33.0,-31.0,-30.0,-28.0,-28.0,-26.0,-26.0,-25.0,-27.0,304.6,322.6,301.2,277.6,245.8,219.4
15,-11.0,-9.0,1.0,11.0,20.0,36.0,45.0,51.0,53.0,51.0,45.0,44.0,40.0,36.0,33.0,30.0,23.0,18.0,15.0,12.0,9.0,8.0,4.0,3.0,0.0,195.6,198.0,245.2,284.8,304.4,309.2
16,-12.0,4.0,16.0,14.0,21.0,32.0,9.0,-23.0,-26.0,-35.0,-39.0,-36.0,-20.0,-21.0,-22.0,-27.0,-29.0,-31.0,-30.0,-28.0,-26.0,-28.0,-29.0,-33.0,-34.0,371.0,379.6,371.0,343.4,314.4,284.4
17,35.0,83.0,92.0,86.0,95.0,93.0,44.0,25.0,18.0,10.0,4.0,-3.0,-12.0,4.0,16.0,14.0,21.0,32.0,9.0,-23.0,-26.0,-35.0,-39.0,-36.0,-20.0,254.6,332.8,370.8,372.6,383.2,352.0
18,18.0,4.0,0.0,11.0,17.0,25.0,29.0,25.0,16.0,11.0,2.0,1.0,11.0,27.0,25.0,35.0,83.0,92.0,86.0,95.0,93.0,44.0,25.0,18.0,10.0,210.2,220.2,241.4,254.6,332.8,370.8
19,-22.0,-2.0,10.0,7.0,11.0,18.0,4.0,0.0,11.0,17.0,25.0,29.0,25.0,16.0,11.0,2.0,1.0,11.0,27.0,25.0,35.0,83.0,92.0,86.0,95.0,209.4,210.2,220.2,241.4,254.6,332.8
20,-42.0,-28.0,-20.0,-17.0,-20.0,-23.0,-26.0,-26.0,-23.0,-19.0,-19.0,-22.0,-23.0,-20.0,-20.0,-22.0,-2.0,10.0,7.0,11.0,18.0,4.0,0.0,11.0,17.0,279.0,253.6,230.2,209.4,210.2,220.2
21,9.0,45.0,50.0,52.0,53.0,63.0,17.0,-4.0,3.0,5.0,5.0,1.0,-5.0,-15.0,-21.0,-29.0,-39.0,-47.0,-52.0,-56.0,-53.0,-42.0,-28.0,-20.0,-17.0,282.6,324.4,341.2,334.2,289.6,257.6
22,8.333333333333343,91.0,87.0,83.0,79.0,75.66666666666666,-16.0,-25.0,-22.0,-22.0,-23.0,-28.0,-30.0,-30.0,-28.0,-21.0,-16.0,-15.0,-14.0,-11.0,-12.0,-10.0,-4.0,4.0,15.0,241.6,311.2666666666667,309.4,281.6,266.2,264.8
23,7.666666666666686,62.5,69.0,69.0,64.0,52.333333333333314,-0.5,1.5,11.0,27.5,46.5,51.5,41.0,-29.0,-41.5,-51.83333333333334,-63.16666666666666,-68.83333333333334,66.0,79.0,77.33333333333334,85.66666666666666,84.33333333333334,3.0,-15.0,200.6,255.03333333333336,273.4,287.1,279.3333333333333,326.4
24,7.0,34.0,51.0,55.0,49.0,29.0,15.0,28.0,44.0,77.0,116.0,131.0,112.0,-28.0,-55.0,-82.66666666666666,-110.33333333333334,-122.66666666666666,146.0,169.0,168.66666666666666,170.33333333333334,175.66666666666666,23.0,0.0,159.6,198.8,237.4,292.6,292.4666666666667,400.0
25,5.0,17.0,24.0,38.0,57.0,43.0,17.0,6.0,-12.0,-39.0,-31.0,-31.0,-35.0,-33.0,-22.0,-15.0,-6.0,-6.0,-11.0,-22.0,-32.0,-37.0,-38.0,-37.0,-33.0,213.2,241.4,244.4,214.0,202.0,166.6
26,9.0,12.0,25.0,33.0,32.0,37.0,39.0,38.0,38.0,29.0,11.0,-20.0,-12.0,-9.0,-5.0,7.0,37.0,21.0,16.0,21.0,28.0,30.0,32.0,27.0,19.0,87.2,109.4,145.6,138.6,159.0,186.2
27,-11.0,1.0,1.0,-4.0,-2.0,0.0,0.0,7.0,9.0,12.0,25.0,33.0,32.0,37.0,39.0,38.0,38.0,29.0,11.0,-20.0,-12.0,-9.0,-5.0,7.0,37.0,88.8,85.8,91.4,124.6,143.8,147.4
28,-31.0,-23.0,-7.0,-4.0,-7.0,-1.0,10.0,20.0,31.0,50.0,46.0,16.0,3.0,-9.0,-31.0,-28.0,-3.0,0.0,0.0,3.0,1.0,-8.0,-18.0,-33.0,-56.0,230.6,216.2,238.2,243.2,237.6,214.8
29,-8.0,-30.0,-30.0,-41.0,-56.0,-54.0,-27.0,-31.0,-23.0,-7.0,-4.0,-7.0,-1.0,10.0,20.0,31.0,50.0,46.0,16.0,3.0,-9.0,-31.0,-28.0,-3.0,0.0,279.8,246.8,218.4,222.0,251.2,237.0
30,-14.0,0.0,17.0,49.0,75.0,60.0,50.0,43.0,34.0,20.0,40.0,59.0,78.0,64.0,66.0,76.0,56.0,39.0,47.0,43.0,33.0,43.0,33.0,32.0,2.0,123.6,149.0,190.4,251.8,304.0,332.6
31,-17.0,-14.0,-21.0,-20.0,-14.0,0.0,17.0,49.0,75.0,60.0,50.0,43.0,34.0,20.0,40.0,59.0,78.0,64.0,66.0,76.0,56.0,39.0,47.0,43.0,33.0,138.0,120.8,161.0,198.4,267.0,310.6
32,-57.0,-65.0,-65.0,-43.0,-28.0,17.0,18.0,14.0,-19.0,-45.0,-38.0,-12.0,1.0,26.0,60.0,59.0,37.0,29.0,21.0,18.0,14.0,11.0,3.0,-3.0,-4.0,201.2,149.6,146.6,154.0,186.8,191.0
33,-18.0,9.0,39.0,60.0,78.0,83.0,88.0,81.0,76.0,71.0,62.0,47.0,43.0,30.0,12.0,1.0,-3.0,-13.0,-8.0,4.0,22.0,30.0,21.0,11.0,1.0,101.4,135.0,214.8,253.6,249.8,266.8
34,-29.0,-68.0,-82.0,-97.0,-86.0,-56.0,-21.0,-10.0,10.0,7.0,-12.0,-8.0,-4.0,-4.0,1.0,2.0,2.0,4.0,3.0,-19.0,-34.0,-39.0,-49.0,-55.0,-46.0,293.2,220.8,206.8,201.4,199.8,155.2
35,11.0,11.0,10.0,10.0,7.0,7.0,3.0,-3.0,-2.0,0.0,-1.0,-13.0,-27.0,-38.0,-35.0,-34.0,-18.0,-1.0,-1.0,-19.0,-25.0,-23.0,-16.0,-5.0,-2.0,388.2,398.0,399.0,376.2,361.6,347.4
36,4.0,12.0,25.0,28.0,23.0,36.0,45.0,39.0,44.0,63.0,60.0,66.0,74.0,102.0,104.0,100.0,93.0,95.0,75.0,58.0,57.0,51.0,46.0,45.0,32.0,92.4,110.8,156.2,237.4,321.6,367.8
37,-12.0,-16.0,-18.0,-18.0,-11.0,15.0,40.0,46.0,57.0,61.0,49.0,35.0,40.0,35.0,27.0,24.0,23.0,12.0,4.0,-1.0,-7.0,-21.0,-20.0,-25.0,-23.0,143.6,128.6,172.4,209.6,222.0,202.8
38,-3.0,-13.0,-16.0,-27.0,-33.0,-27.0,0.0,28.0,50.0,62.0,64.0,66.0,44.0,17.0,-21.0,-37.0,-54.0,-51.0,-29.0,1.0,14.0,36.0,33.0,19.0,7.0,174.4,156.0,178.6,212.6,178.6,200.4
39,-12.0,2.0,14.0,12.0,8.0,10.0,-3.0,-11.0,-12.0,-15.0,-19.0,-22.0,-26.0,-26.0,-19.0,-17.0,-25.0,-28.0,-31.0,-39.0,-39.0,-26.0,-18.0,-13.0,-10.0,259.4,264.2,258.0,235.6,207.6,186.4
40,-1.0,-3.0,-3.0,5.0,15.0,21.0,23.0,26.0,22.0,18.0,10.0,7.0,4.0,3.0,3.0,7.0,8.0,13.0,20.0,14.0,3.0,-5.0,-16.0,-24.0,-19.0,268.2,270.8,292.8,298.2,310.6,298.4
41,15.0,5.0,-1.0,-3.0,-3.0,5.0,15.0,21.0,23.0,26.0,22.0,18.0,10.0,7.0,4.0,3.0,3.0,7.0,8.0,13.0,20.0,14.0,3.0,-5.0,-16.0,264.2,266.8,284.8,297.0,303.8,307.0
42,-13.0,-23.0,-24.0,-18.0,-5.0,16.0,39.0,53.0,62.0,68.0,60.0,64.0,61.0,61.0,49.0,35.0,23.0,19.0,11.0,11.0,18.0,24.0,24.0,15.0,5.0,141.2,124.6,172.2,231.2,251.0,268.2
43,-38.0,-34.0,-30.0,-27.0,-28.0,-18.0,-8.0,-2.0,7.0,18.0,25.0,35.0,34.0,41.0,45.0,36.0,29.0,39.0,32.0,26.0,21.0,5.0,-14.0,-29.0,-41.0,138.4,107.0,106.4,142.4,174.8,163.2
44,-9.0,16.0,51.0,77.0,91.0,88.0,81.0,66.0,56.0,38.0,31.0,16.0,-1.0,-18.0,-28.0,-34.0,-36.0,-36.0,-38.0,-32.0,-26.0,-19.0,-14.0,-11.0,-12.0,116.6,161.8,227.6,227.6,192.4,176.0
45,-17.0,-24.0,-28.0,-22.0,-9.0,16.0,51.0,77.0,91.0,88.0,81.0,66.0,56.0,38.0,31.0,16.0,-1.0,-18.0,-28.0,-34.0,-36.0,-36.0,-38.0,-32.0,-26.0,134.8,114.8,179.4,233.8,220.8,187.2
46,-23.0,-20.0,-13.0,-10.0,-11.0,-7.0,0.0,4.0,5.0,4.0,4.0,1.0,-2.0,-1.0,3.0,2.0,0.0,-3.0,-9.0,-14.0,-15.0,-12.0,-8.0,-4.0,-1.0,180.0,164.6,165.8,166.8,162.0,154.0
47,-9.0,-36.0,-49.0,-72.0,-82.0,-80.0,-68.0,-70.0,-59.0,-52.0,-41.0,-29.0,-23.0,-20.0,-13.0,-10.0,-11.0,-7.0,0.0,4.0,5.0,4.0,4.0,1.0,-2.0,309.4,259.8,194.0,168.8,164.0,166.4
48,-21.0,-23.0,-28.0,-33.0,-35.0,-31.0,-26.0,-15.0,-3.0,2.0,-9.0,-36.0,-49.0,-72.0,-82.0,-80.0,-68.0,-70.0,-59.0,-52.0,-41.0,-29.0,-23.0,-20.0,-13.0,352.0,324.0,309.4,259.8,194.0,168.8
49,-2.0,5.0,11.0,13.0,20.0,40.0,54.0,71.0,78.0,85.0,77.0,70.0,57.0,55.0,47.0,44.0,41.0,44.0,47.0,38.0,35.0,30.0,26.0,18.0,27.0,131.0,140.4,206.0,267.2,310.0,337.2
50,23.0,-32.0,-57.0,-55.0,-39.0,-17.0,0.0,11.0,27.0,32.0,33.0,22.0,11.0,-5.0,-18.0,-25.0,-21.0,-16.0,-10.0,-8.0,-15.0,-21.0,-26.0,-32.0,-45.0,271.2,239.2,249.8,258.4,242.4,214.6
